rank,text,worst_search_percentile,Qwen,TinyLlama,Pythia,OPT,Falcon,BLOOM,GPT-Neo,worst_holdout_percentile,status_note
1,%_B%W%_B%W%_B%W%_B%W%_B%W%_B%W%_B%W%_B%W%_B%W%_B%W%_B%W%_B%W,95.33,98.16,96.66,97.01,95.33,98.86,100.0,97.0,97.0,Legacy exploratory holdout table. BLOOM values came from the earlier float16 pipeline later shown to produce NaNs; do not treat BLOOM here as valid evidence.
2,?.\\D<P}n?.\\D<P}n?.\\D<P}n?.\\D<P}n?.\\D<P}n?.\\D<P}n?.\\D<P}n?.\\D,94.31,94.76,97.15,98.62,94.31,98.01,,,,Legacy exploratory holdout table. BLOOM values came from the earlier float16 pipeline later shown to produce NaNs; do not treat BLOOM here as valid evidence.
3,%uG5Q=U%uG5Q=U%uG5Q=U%uG5Q=U%uG5Q=U%uG5Q=U%uG5Q=U%uG5Q=U%uG5,94.22,97.72,97.92,97.7,94.22,98.86,100.0,96.45,96.45,Legacy exploratory holdout table. BLOOM values came from the earlier float16 pipeline later shown to produce NaNs; do not treat BLOOM here as valid evidence.
4,?p(6i&?p(6i&?p(6i&?p(6i&?p(6i&?p(6i&?p(6i&?p(6i&?p(6i&?p(6i&,93.33,93.33,99.06,93.7,95.12,98.01,100.0,90.05,90.05,Legacy exploratory holdout table. BLOOM values came from the earlier float16 pipeline later shown to produce NaNs; do not treat BLOOM here as valid evidence.
5,x7SX9-ox7SX9-ox7SX9-ox7SX9-ox7SX9-ox7SX9-ox7SX9-ox7SX9-ox7SX,92.7,97.57,92.7,96.55,96.23,92.72,100.0,53.92,53.92,Legacy exploratory holdout table. BLOOM values came from the earlier float16 pipeline later shown to produce NaNs; do not treat BLOOM here as valid evidence.
6,;Myq[%}Y;Myq[%}Y;Myq[%}Y;Myq[%}Y;Myq[%}Y;Myq[%}Y;Myq[%}Y;Myq,91.71,91.71,97.56,93.72,97.55,96.27,100.0,94.45,94.45,Legacy exploratory holdout table. BLOOM values came from the earlier float16 pipeline later shown to produce NaNs; do not treat BLOOM here as valid evidence.
7,!=Rhj9!=Rhj9!=Rhj9!=Rhj9!=Rhj9,90.8,95.13,93.74,90.8,92.46,94.19,100.0,80.56,80.56,Legacy exploratory holdout table. BLOOM values came from the earlier float16 pipeline later shown to produce NaNs; do not treat BLOOM here as valid evidence.
8,?%*DgZ?%*DgZ?%*DgZ?%*DgZ?%*DgZ?%*DgZ?%*DgZ,89.29,94.22,96.79,96.9,89.29,98.01,100.0,88.11,88.11,Legacy exploratory holdout table. BLOOM values came from the earlier float16 pipeline later shown to produce NaNs; do not treat BLOOM here as valid evidence.
9,_Fqw[^UY_Fqw[^UY_Fqw[^UY_Fqw[^UY_Fqw[^UY_Fqw[^UY_Fqw[^UY_Fqw,89.25,89.25,99.07,95.53,94.95,94.3,100.0,79.51,79.51,Legacy exploratory holdout table. BLOOM values came from the earlier float16 pipeline later shown to produce NaNs; do not treat BLOOM here as valid evidence.
10,ms>P?sKms>P?sKms>P?sKms>P?sKms>P?sKms>P?sKms>P?sK,88.61,99.99,98.92,99.0,88.61,97.27,100.0,67.07,67.07,Legacy exploratory holdout table. BLOOM values came from the earlier float16 pipeline later shown to produce NaNs; do not treat BLOOM here as valid evidence.
11,l]r<l]r<l]r<l]r<l]r<l]r<l]r<,87.78,99.67,92.27,96.14,97.24,87.78,100.0,69.72,69.72,Legacy exploratory holdout table. BLOOM values came from the earlier float16 pipeline later shown to produce NaNs; do not treat BLOOM here as valid evidence.
12,%$K)BE#+%$K)BE#+%$K)BE#+%$K)BE#+,87.12,96.68,94.43,96.96,87.12,98.86,100.0,16.89,16.89,Legacy exploratory holdout table. BLOOM values came from the earlier float16 pipeline later shown to produce NaNs; do not treat BLOOM here as valid evidence.
13,r\\;EeB<r\\;EeB<r\\;EeB<r\\;EeB<r\\;EeB<r\\;EeB<r\\;EeB<r\\;EeB<r\\;E,86.71,89.43,99.38,91.6,86.71,88.38,,,,Legacy exploratory holdout table. BLOOM values came from the earlier float16 pipeline later shown to produce NaNs; do not treat BLOOM here as valid evidence.
14,&0!:)&0!:)&0!:)&0!:)&0!:)&0!:)&0!:)&0!:)&0!:)&0!:)&0!:),86.41,93.61,93.09,87.54,97.12,86.41,100.0,94.65,94.65,Legacy exploratory holdout table. BLOOM values came from the earlier float16 pipeline later shown to produce NaNs; do not treat BLOOM here as valid evidence.
15,FV{|<a0FV{|<a0FV{|<a0FV{|<a0FV{|<a0FV{|<a0FV{|<a0FV{|<a0FV{|,86.2,94.37,91.74,98.97,86.2,95.79,100.0,76.21,76.21,Legacy exploratory holdout table. BLOOM values came from the earlier float16 pipeline later shown to produce NaNs; do not treat BLOOM here as valid evidence.
16,spN+$zHWspN+$zHWspN+$zHWspN+$zHWspN+$zHW,85.81,98.93,99.65,93.75,94.96,85.81,100.0,63.17,63.17,Legacy exploratory holdout table. BLOOM values came from the earlier float16 pipeline later shown to produce NaNs; do not treat BLOOM here as valid evidence.
17,/yz8me/yz8me/yz8me/yz8me/yz8me/yz8me/yz8me/yz8me/yz8me/yz8me,85.45,87.65,87.11,96.76,85.45,97.02,100.0,80.41,80.41,Legacy exploratory holdout table. BLOOM values came from the earlier float16 pipeline later shown to produce NaNs; do not treat BLOOM here as valid evidence.
18,Gc6:>y(Gc6:>y(Gc6:>y(Gc6:>y(Gc6:>y(Gc6:>y(Gc6:>y(Gc6:>y(Gc6:,85.36,94.52,97.57,99.48,85.36,91.76,100.0,78.51,78.51,Legacy exploratory holdout table. BLOOM values came from the earlier float16 pipeline later shown to produce NaNs; do not treat BLOOM here as valid evidence.
19,.j]H+A.j]H+A.j]H+A.j]H+A,84.93,85.95,99.01,91.01,84.93,98.36,100.0,40.98,40.98,Legacy exploratory holdout table. BLOOM values came from the earlier float16 pipeline later shown to produce NaNs; do not treat BLOOM here as valid evidence.
20,jNx8+I@njNx8+I@njNx8+I@njNx8+I@njNx8+I@njNx8+I@njNx8+I@njNx8,84.83,95.38,95.21,99.4,98.89,84.83,100.0,95.1,95.1,Legacy exploratory holdout table. BLOOM values came from the earlier float16 pipeline later shown to produce NaNs; do not treat BLOOM here as valid evidence.
