model,repetitions,family,median_token_matched_percentile
Qwen,1,PLAIN_abcde,89.4
Qwen,1,RANDOM_ASCII,47.8
Qwen,1,RANDOM_BLOCK_REPEAT,57.1
Qwen,1,SHUFFLED_SAME_CHARS,64.7
Qwen,1,TARGET_%_B%W,61.7
Qwen,2,PLAIN_abcde,91.2
Qwen,2,RANDOM_ASCII,72.4
Qwen,2,RANDOM_BLOCK_REPEAT,75.4
Qwen,2,SHUFFLED_SAME_CHARS,64.3
Qwen,2,TARGET_%_B%W,40.6
Qwen,4,PLAIN_abcde,89.2
Qwen,4,RANDOM_ASCII,27.3
Qwen,4,RANDOM_BLOCK_REPEAT,69.3
Qwen,4,SHUFFLED_SAME_CHARS,73.6
Qwen,4,TARGET_%_B%W,92.2
Qwen,8,PLAIN_abcde,55.2
Qwen,8,RANDOM_ASCII,26.8
Qwen,8,RANDOM_BLOCK_REPEAT,90.2
Qwen,8,SHUFFLED_SAME_CHARS,46.7
Qwen,8,TARGET_%_B%W,82.1
Qwen,12,PLAIN_abcde,49.4
Qwen,12,RANDOM_ASCII,17.0
Qwen,12,RANDOM_BLOCK_REPEAT,68.6
Qwen,12,SHUFFLED_SAME_CHARS,50.4
Qwen,12,TARGET_%_B%W,69.8
TinyLlama,1,PLAIN_abcde,65.7
TinyLlama,1,RANDOM_ASCII,46.0
TinyLlama,1,RANDOM_BLOCK_REPEAT,73.1
TinyLlama,1,SHUFFLED_SAME_CHARS,39.0
TinyLlama,1,TARGET_%_B%W,62.7
TinyLlama,2,PLAIN_abcde,66.1
TinyLlama,2,RANDOM_ASCII,60.0
TinyLlama,2,RANDOM_BLOCK_REPEAT,49.6
TinyLlama,2,SHUFFLED_SAME_CHARS,31.0
TinyLlama,2,TARGET_%_B%W,92.3
TinyLlama,4,PLAIN_abcde,55.0
TinyLlama,4,RANDOM_ASCII,56.6
TinyLlama,4,RANDOM_BLOCK_REPEAT,77.2
TinyLlama,4,SHUFFLED_SAME_CHARS,46.0
TinyLlama,4,TARGET_%_B%W,89.7
TinyLlama,8,PLAIN_abcde,42.0
TinyLlama,8,RANDOM_ASCII,65.0
TinyLlama,8,RANDOM_BLOCK_REPEAT,90.7
TinyLlama,8,SHUFFLED_SAME_CHARS,81.3
TinyLlama,8,TARGET_%_B%W,98.3
TinyLlama,12,PLAIN_abcde,33.3
TinyLlama,12,RANDOM_ASCII,58.4
TinyLlama,12,RANDOM_BLOCK_REPEAT,85.0
TinyLlama,12,SHUFFLED_SAME_CHARS,93.5
TinyLlama,12,TARGET_%_B%W,89.8
Pythia,1,PLAIN_abcde,92.9
Pythia,1,RANDOM_ASCII,19.4
Pythia,1,RANDOM_BLOCK_REPEAT,49.6
Pythia,1,SHUFFLED_SAME_CHARS,90.5
Pythia,1,TARGET_%_B%W,45.8
Pythia,2,PLAIN_abcde,83.3
Pythia,2,RANDOM_ASCII,13.6
Pythia,2,RANDOM_BLOCK_REPEAT,46.9
Pythia,2,SHUFFLED_SAME_CHARS,35.4
Pythia,2,TARGET_%_B%W,83.6
Pythia,4,PLAIN_abcde,93.8
Pythia,4,RANDOM_ASCII,36.2
Pythia,4,RANDOM_BLOCK_REPEAT,74.4
Pythia,4,SHUFFLED_SAME_CHARS,58.9
Pythia,4,TARGET_%_B%W,100.0
Pythia,8,PLAIN_abcde,80.9
Pythia,8,RANDOM_ASCII,26.7
Pythia,8,RANDOM_BLOCK_REPEAT,79.8
Pythia,8,SHUFFLED_SAME_CHARS,50.0
Pythia,8,TARGET_%_B%W,95.6
Pythia,12,PLAIN_abcde,73.6
Pythia,12,RANDOM_ASCII,24.3
Pythia,12,RANDOM_BLOCK_REPEAT,75.5
Pythia,12,SHUFFLED_SAME_CHARS,52.3
Pythia,12,TARGET_%_B%W,94.1
OPT,1,PLAIN_abcde,27.9
OPT,1,RANDOM_ASCII,33.1
OPT,1,RANDOM_BLOCK_REPEAT,45.0
OPT,1,SHUFFLED_SAME_CHARS,44.7
OPT,1,TARGET_%_B%W,89.4
OPT,2,PLAIN_abcde,42.9
OPT,2,RANDOM_ASCII,60.4
OPT,2,RANDOM_BLOCK_REPEAT,49.1
OPT,2,SHUFFLED_SAME_CHARS,64.2
OPT,2,TARGET_%_B%W,82.5
OPT,4,PLAIN_abcde,49.1
OPT,4,RANDOM_ASCII,74.0
OPT,4,RANDOM_BLOCK_REPEAT,42.3
OPT,4,SHUFFLED_SAME_CHARS,23.6
OPT,4,TARGET_%_B%W,75.3
OPT,8,PLAIN_abcde,20.2
OPT,8,RANDOM_ASCII,61.6
OPT,8,RANDOM_BLOCK_REPEAT,20.0
OPT,8,SHUFFLED_SAME_CHARS,36.5
OPT,8,TARGET_%_B%W,42.9
OPT,12,PLAIN_abcde,25.9
OPT,12,RANDOM_ASCII,76.7
OPT,12,RANDOM_BLOCK_REPEAT,21.3
OPT,12,SHUFFLED_SAME_CHARS,19.9
OPT,12,TARGET_%_B%W,87.0
Falcon,1,PLAIN_abcde,14.0
Falcon,1,RANDOM_ASCII,55.8
Falcon,1,RANDOM_BLOCK_REPEAT,50.7
Falcon,1,SHUFFLED_SAME_CHARS,57.2
Falcon,1,TARGET_%_B%W,100.0
Falcon,2,PLAIN_abcde,40.0
Falcon,2,RANDOM_ASCII,56.6
Falcon,2,RANDOM_BLOCK_REPEAT,67.0
Falcon,2,SHUFFLED_SAME_CHARS,51.9
Falcon,2,TARGET_%_B%W,96.8
Falcon,4,PLAIN_abcde,50.9
Falcon,4,RANDOM_ASCII,61.0
Falcon,4,RANDOM_BLOCK_REPEAT,77.5
Falcon,4,SHUFFLED_SAME_CHARS,47.8
Falcon,4,TARGET_%_B%W,100.0
Falcon,8,PLAIN_abcde,29.8
Falcon,8,RANDOM_ASCII,43.7
Falcon,8,RANDOM_BLOCK_REPEAT,29.6
Falcon,8,SHUFFLED_SAME_CHARS,72.6
Falcon,8,TARGET_%_B%W,97.4
Falcon,12,PLAIN_abcde,22.4
Falcon,12,RANDOM_ASCII,45.8
Falcon,12,RANDOM_BLOCK_REPEAT,50.6
Falcon,12,SHUFFLED_SAME_CHARS,42.5
Falcon,12,TARGET_%_B%W,97.8
BLOOM,1,PLAIN_abcde,46.6
BLOOM,1,RANDOM_ASCII,42.9
BLOOM,1,RANDOM_BLOCK_REPEAT,51.8
BLOOM,1,SHUFFLED_SAME_CHARS,44.7
BLOOM,1,TARGET_%_B%W,53.0
BLOOM,2,PLAIN_abcde,93.9
BLOOM,2,RANDOM_ASCII,50.8
BLOOM,2,RANDOM_BLOCK_REPEAT,43.2
BLOOM,2,SHUFFLED_SAME_CHARS,43.9
BLOOM,2,TARGET_%_B%W,15.6
BLOOM,4,PLAIN_abcde,85.9
BLOOM,4,RANDOM_ASCII,37.1
BLOOM,4,RANDOM_BLOCK_REPEAT,57.6
BLOOM,4,SHUFFLED_SAME_CHARS,37.9
BLOOM,4,TARGET_%_B%W,10.1
BLOOM,8,PLAIN_abcde,82.0
BLOOM,8,RANDOM_ASCII,51.1
BLOOM,8,RANDOM_BLOCK_REPEAT,67.3
BLOOM,8,SHUFFLED_SAME_CHARS,41.9
BLOOM,8,TARGET_%_B%W,15.1
BLOOM,12,PLAIN_abcde,61.8
BLOOM,12,RANDOM_ASCII,37.2
BLOOM,12,RANDOM_BLOCK_REPEAT,80.4
BLOOM,12,SHUFFLED_SAME_CHARS,39.3
BLOOM,12,TARGET_%_B%W,11.8
GPT-Neo,1,PLAIN_abcde,51.2
GPT-Neo,1,RANDOM_ASCII,50.0
GPT-Neo,1,RANDOM_BLOCK_REPEAT,52.1
GPT-Neo,1,SHUFFLED_SAME_CHARS,37.9
GPT-Neo,1,TARGET_%_B%W,51.1
GPT-Neo,2,PLAIN_abcde,100.0
GPT-Neo,2,RANDOM_ASCII,66.0
GPT-Neo,2,RANDOM_BLOCK_REPEAT,59.2
GPT-Neo,2,SHUFFLED_SAME_CHARS,57.5
GPT-Neo,2,TARGET_%_B%W,100.0
GPT-Neo,4,PLAIN_abcde,98.1
GPT-Neo,4,RANDOM_ASCII,34.6
GPT-Neo,4,RANDOM_BLOCK_REPEAT,68.3
GPT-Neo,4,SHUFFLED_SAME_CHARS,92.0
GPT-Neo,4,TARGET_%_B%W,96.3
GPT-Neo,8,PLAIN_abcde,96.4
GPT-Neo,8,RANDOM_ASCII,70.1
GPT-Neo,8,RANDOM_BLOCK_REPEAT,64.7
GPT-Neo,8,SHUFFLED_SAME_CHARS,99.4
GPT-Neo,8,TARGET_%_B%W,88.3
GPT-Neo,12,PLAIN_abcde,97.6
GPT-Neo,12,RANDOM_ASCII,45.1
GPT-Neo,12,RANDOM_BLOCK_REPEAT,33.2
GPT-Neo,12,SHUFFLED_SAME_CHARS,100.0
GPT-Neo,12,TARGET_%_B%W,87.0
