repetitions,family,worst_model_percentile,mean_model_percentile,best_model_percentile
1,PLAIN_abcde,14.0,55.38571428571429,92.9
1,RANDOM_ASCII,19.4,42.142857142857146,55.8
1,RANDOM_BLOCK_REPEAT,45.0,54.199999999999996,73.1
1,SHUFFLED_SAME_CHARS,37.9,54.1,90.5
1,TARGET_%_B%W,45.8,66.24285714285715,100.0
2,PLAIN_abcde,40.0,73.91428571428571,100.0
2,RANDOM_ASCII,13.6,54.25714285714286,72.4
2,RANDOM_BLOCK_REPEAT,43.2,55.771428571428565,75.4
2,SHUFFLED_SAME_CHARS,31.0,49.74285714285714,64.3
2,TARGET_%_B%W,15.6,73.05714285714285,100.0
4,PLAIN_abcde,49.1,74.57142857142857,98.1
4,RANDOM_ASCII,27.3,46.68571428571429,74.0
4,RANDOM_BLOCK_REPEAT,42.3,66.65714285714286,77.5
4,SHUFFLED_SAME_CHARS,23.6,54.25714285714285,92.0
4,TARGET_%_B%W,10.1,80.51428571428572,100.0
8,PLAIN_abcde,20.2,58.07142857142857,96.4
8,RANDOM_ASCII,26.7,49.285714285714285,70.1
8,RANDOM_BLOCK_REPEAT,20.0,63.18571428571429,90.7
8,SHUFFLED_SAME_CHARS,36.5,61.199999999999996,99.4
8,TARGET_%_B%W,15.1,74.24285714285713,98.3
12,PLAIN_abcde,22.4,52.0,97.6
12,RANDOM_ASCII,17.0,43.5,76.7
12,RANDOM_BLOCK_REPEAT,21.3,59.228571428571435,85.0
12,SHUFFLED_SAME_CHARS,19.9,56.84285714285714,100.0
12,TARGET_%_B%W,11.8,76.75714285714285,97.8
