rank,text,worst_search_percentile,Qwen,TinyLlama,Pythia,OPT,Falcon
1,%_B%W%_B%W%_B%W%_B%W%_B%W%_B%W%_B%W%_B%W%_B%W%_B%W%_B%W%_B%W,95.33,98.16,96.66,97.01,95.33,98.86
2,?.\\D<P}n?.\\D<P}n?.\\D<P}n?.\\D<P}n?.\\D<P}n?.\\D<P}n?.\\D<P}n?.\\D,94.31,94.76,97.15,98.62,94.31,98.01
3,%uG5Q=U%uG5Q=U%uG5Q=U%uG5Q=U%uG5Q=U%uG5Q=U%uG5Q=U%uG5Q=U%uG5,94.22,97.72,97.92,97.7,94.22,98.86
4,?p(6i&?p(6i&?p(6i&?p(6i&?p(6i&?p(6i&?p(6i&?p(6i&?p(6i&?p(6i&,93.33,93.33,99.06,93.7,95.12,98.01
5,x7SX9-ox7SX9-ox7SX9-ox7SX9-ox7SX9-ox7SX9-ox7SX9-ox7SX9-ox7SX,92.7,97.57,92.7,96.55,96.23,92.72
6,;Myq[%}Y;Myq[%}Y;Myq[%}Y;Myq[%}Y;Myq[%}Y;Myq[%}Y;Myq[%}Y;Myq,91.71,91.71,97.56,93.72,97.55,96.27
7,!=Rhj9!=Rhj9!=Rhj9!=Rhj9!=Rhj9,90.8,95.13,93.74,90.8,92.46,94.19
8,?%*DgZ?%*DgZ?%*DgZ?%*DgZ?%*DgZ?%*DgZ?%*DgZ,89.29,94.22,96.79,96.9,89.29,98.01
9,_Fqw[^UY_Fqw[^UY_Fqw[^UY_Fqw[^UY_Fqw[^UY_Fqw[^UY_Fqw[^UY_Fqw,89.25,89.25,99.07,95.53,94.95,94.3
10,ms>P?sKms>P?sKms>P?sKms>P?sKms>P?sKms>P?sKms>P?sK,88.61,99.99,98.92,99.0,88.61,97.27
11,l]r<l]r<l]r<l]r<l]r<l]r<l]r<,87.78,99.67,92.27,96.14,97.24,87.78
12,%$K)BE#+%$K)BE#+%$K)BE#+%$K)BE#+,87.12,96.68,94.43,96.96,87.12,98.86
13,r\\;EeB<r\\;EeB<r\\;EeB<r\\;EeB<r\\;EeB<r\\;EeB<r\\;EeB<r\\;EeB<r\\;E,86.71,89.43,99.38,91.6,86.71,88.38
14,&0!:)&0!:)&0!:)&0!:)&0!:)&0!:)&0!:)&0!:)&0!:)&0!:)&0!:),86.41,93.61,93.09,87.54,97.12,86.41
15,FV{|<a0FV{|<a0FV{|<a0FV{|<a0FV{|<a0FV{|<a0FV{|<a0FV{|<a0FV{|,86.2,94.37,91.74,98.97,86.2,95.79
16,spN+$zHWspN+$zHWspN+$zHWspN+$zHWspN+$zHW,85.81,98.93,99.65,93.75,94.96,85.81
17,/yz8me/yz8me/yz8me/yz8me/yz8me/yz8me/yz8me/yz8me/yz8me/yz8me,85.45,87.65,87.11,96.76,85.45,97.02
18,Gc6:>y(Gc6:>y(Gc6:>y(Gc6:>y(Gc6:>y(Gc6:>y(Gc6:>y(Gc6:>y(Gc6:,85.36,94.52,97.57,99.48,85.36,91.76
19,.j]H+A.j]H+A.j]H+A.j]H+A,84.93,85.95,99.01,91.01,84.93,98.36
20,jNx8+I@njNx8+I@njNx8+I@njNx8+I@njNx8+I@njNx8+I@njNx8+I@njNx8,84.83,95.38,95.21,99.4,98.89,84.83
